City_ID,City,Country,Lat,Lng,Max Temp,Humidity,Cloudiness,Wind Speed,Current Description
0,Estrela,BR,-28.0611,-50.9383,73.22,45,50,6.96,scattered clouds
1,Mataura,NZ,-46.1927,168.8643,50.49,97,78,2.55,broken clouds
2,Roald,NO,62.5833,6.1333,39.33,60,75,14.97,broken clouds
3,Avarua,CK,-21.2078,-159.775,73.45,100,90,2.3,light rain
4,Alta Floresta,BR,-9.8756,-56.0861,87.62,66,40,5.75,scattered clouds
5,Chulman,RU,56.8479,124.9104,-12.15,98,99,3.49,overcast clouds
6,Port Blair,IN,11.6667,92.75,79.93,69,49,13.29,scattered clouds
7,Cherskiy,RU,68.75,161.3,-40.04,100,82,2.57,broken clouds
8,Meulaboh,ID,4.1363,96.1285,78.89,80,71,3.2,broken clouds
9,Bambous Virieux,MU,-20.3428,57.7575,79.05,73,40,8.05,light rain
10,Pozo Colorado,PY,-23.4923,-58.7972,95.95,18,97,7.7,overcast clouds
11,Luderitz,NA,-26.6481,15.1594,70.84,64,0,19.89,clear sky
12,Ifanadiana,MG,-21.3,47.6333,73.22,79,9,3.67,clear sky
13,Hilo,US,19.7297,-155.09,74.93,46,90,5.75,overcast clouds
14,Norman Wells,CA,65.282,-126.8329,-2.16,78,75,5.75,broken clouds
15,Hermanus,ZA,-34.4187,19.2345,73.9,75,62,16.98,broken clouds
16,Atuona,PF,-9.8,-139.0333,78.35,74,62,20.33,light rain
17,Oistins,BB,13.0667,-59.5333,84.29,61,75,23.02,broken clouds
18,Busselton,AU,-33.65,115.3333,66.04,66,2,18.41,clear sky
19,Bredasdorp,ZA,-34.5322,20.0403,68.29,64,76,13.8,broken clouds
20,Khelyulya,RU,61.7333,30.6833,14.0,96,100,3.85,overcast clouds
21,Punta Arenas,CL,-53.15,-70.9167,53.62,43,40,33.38,scattered clouds
22,Dikson,RU,73.5069,80.5464,-15.68,100,63,10.54,broken clouds
23,Rikitea,PF,-23.1203,-134.9692,75.54,74,94,22.91,overcast clouds
24,Severo-Kurilsk,RU,50.6789,156.125,30.72,60,96,28.45,overcast clouds
25,Camacha,PT,33.0833,-16.3333,64.53,59,75,10.36,broken clouds
26,Lata,PT,40.1629,-8.3327,60.35,90,100,14.72,overcast clouds
27,Vardo,NO,70.3705,31.1107,15.78,62,0,21.85,clear sky
28,Thio,NC,-21.6167,166.2167,73.36,87,24,5.59,few clouds
29,Kodiak,US,57.79,-152.4072,33.31,47,1,42.57,clear sky
30,Ampanihy,MG,-24.7,44.75,81.81,37,55,9.28,broken clouds
31,Hofn,IS,64.2539,-15.2082,34.3,62,64,13.6,broken clouds
32,Puerto Ayora,EC,-0.7393,-90.3518,71.56,78,72,9.28,broken clouds
33,Kolokani,ML,13.5728,-8.0339,93.61,9,72,8.12,broken clouds
34,Saint-Philippe,RE,-21.3585,55.7679,80.15,81,16,11.56,light rain
35,Bol,TD,13.4586,14.7147,82.56,35,33,13.22,scattered clouds
36,Piacabucu,BR,-10.4056,-36.4344,86.67,53,80,15.23,broken clouds
37,Mount Gambier,AU,-37.8333,140.7667,44.51,93,47,8.05,scattered clouds
38,Jamestown,US,42.097,-79.2353,29.52,87,90,5.01,light snow
39,Cidreira,BR,-30.1811,-50.2056,72.79,52,28,11.48,scattered clouds
40,Odweyne,SO,9.4092,45.064,67.73,61,74,15.1,broken clouds
41,Carnarvon,AU,-24.8667,113.6333,73.47,83,90,11.5,overcast clouds
42,Butaritari,KI,3.0707,172.7902,82.53,77,100,13.53,overcast clouds
43,Lagoa,PT,39.05,-27.9833,59.72,67,89,17.0,overcast clouds
44,Ushuaia,AR,-54.8,-68.3,46.06,61,40,25.32,scattered clouds
45,Tabuk,PH,17.4189,121.4443,67.06,82,90,6.6,overcast clouds
46,Rawson,AR,-43.3002,-65.1023,91.72,25,80,19.1,broken clouds
47,Turukhansk,RU,65.8167,87.9833,-26.07,95,99,5.39,overcast clouds
48,College,US,64.8569,-147.8028,15.75,86,90,0.0,overcast clouds
49,Yinchuan,CN,38.4681,106.2731,34.02,94,100,3.06,overcast clouds
50,Karaton,ID,-6.3424,106.1045,78.96,95,28,3.76,light rain
51,Port Hedland,AU,-20.3167,118.5667,82.45,83,58,5.75,broken clouds
52,Airai,TL,-8.9266,125.4092,62.11,93,76,0.78,broken clouds
53,Havre-Saint-Pierre,CA,50.2334,-63.5986,32.36,69,90,34.52,light snow
54,Frontera,MX,26.9333,-101.45,61.32,36,0,1.01,clear sky
55,Newberry,US,34.2746,-81.6187,53.87,45,48,8.66,scattered clouds
56,Port Alfred,ZA,-33.5906,26.891,67.95,75,96,9.93,overcast clouds
57,Qaanaaq,GL,77.484,-69.3632,14.34,71,90,10.63,overcast clouds
58,Talara,PE,-4.5772,-81.2719,77.76,61,0,19.57,clear sky
59,Agirish,RU,61.9247,63.0231,4.01,90,44,7.96,scattered clouds
60,Oranjemund,NA,-28.55,16.4333,66.07,71,0,21.65,clear sky
61,Cape Town,ZA,-33.9258,18.4232,74.12,60,20,4.0,few clouds
62,Kitimat,CA,54.0524,-128.6534,21.58,98,100,2.53,light snow
63,Mbekenyera,TZ,-10.0,38.9833,74.77,82,100,7.4,overcast clouds
64,Isangel,VU,-19.55,169.2667,77.11,88,1,1.14,clear sky
65,Mahebourg,MU,-20.4081,57.7,79.09,73,40,8.05,light rain
66,Imeni Poliny Osipenko,RU,52.4201,136.4853,-0.47,97,100,5.28,overcast clouds
67,Harper,LR,4.375,-7.7169,83.44,71,99,9.1,overcast clouds
68,Constitucion,CL,-35.3333,-72.4167,63.37,62,48,8.43,scattered clouds
69,Flinders,AU,-34.5833,150.8552,66.2,86,100,13.11,overcast clouds
70,Conceicao Do Araguaia,BR,-8.2578,-49.2647,86.23,68,12,5.06,few clouds
71,Great Bend,US,38.3645,-98.7648,34.61,54,1,5.99,clear sky
72,Lloydminster,CA,53.2835,-110.0016,5.22,78,75,9.22,broken clouds
73,Shubarshi,KZ,48.5872,57.1869,27.39,89,54,8.84,broken clouds
74,Mehamn,NO,71.0357,27.8492,17.51,78,10,16.02,clear sky
75,Te Anau,NZ,-45.4167,167.7167,45.97,93,92,2.1,overcast clouds
76,Cap Malheureux,MU,-19.9842,57.6142,79.29,67,4,3.0,clear sky
77,Yellowknife,CA,62.456,-114.3525,-17.88,76,20,10.36,few clouds
78,Nanortalik,GL,60.1432,-45.2371,19.24,55,13,11.25,few clouds
79,Parrita,CR,9.5201,-84.3225,91.98,63,47,4.05,scattered clouds
80,Bonavista,CA,48.6499,-53.1147,59.11,87,100,41.47,light rain
81,Zhangye,CN,38.9342,100.4517,30.45,42,100,3.98,overcast clouds
82,Natchitoches,US,31.7668,-93.1335,45.28,87,90,0.0,overcast clouds
83,Tarata,BO,-17.6167,-66.0167,65.07,53,85,2.68,overcast clouds
84,Vaini,TO,-21.2,-175.2,75.36,94,75,6.91,light intensity shower rain
85,Roma,US,43.2128,-75.4557,34.12,91,90,8.05,light snow
86,Salinopolis,BR,-0.6136,-47.3561,82.54,81,78,10.58,broken clouds
87,Mirnyy,RU,62.5353,113.9611,-22.77,74,75,7.0,broken clouds
88,Agadir,MA,30.4202,-9.5982,77.45,34,99,8.34,overcast clouds
89,Pecos,US,31.4229,-103.4932,63.3,35,1,0.0,clear sky
90,Port Lincoln,AU,-34.7333,135.8667,57.09,53,87,18.39,overcast clouds
91,Khoy,IR,38.5504,44.9535,42.82,60,79,4.23,broken clouds
92,Chuy,UY,-33.6971,-53.4616,71.96,46,0,12.82,clear sky
93,Tabou,CI,4.423,-7.3528,83.25,70,98,7.78,overcast clouds
94,Van,TR,38.4924,43.3831,38.39,55,74,5.48,broken clouds
95,Yumen,CN,40.2833,97.2,25.36,51,95,12.19,overcast clouds
96,Albany,US,42.6001,-73.9662,37.45,70,40,1.01,scattered clouds
97,Bluff,NZ,-46.6,168.3333,50.81,88,95,7.27,overcast clouds
98,Igarka,RU,67.4667,86.5833,-12.75,97,100,10.76,overcast clouds
99,Tanacu,RO,46.6833,27.8167,34.05,96,100,10.25,light snow
100,Taoudenni,ML,22.6783,-3.9836,75.2,13,55,17.52,broken clouds
101,Klaksvik,FO,62.2266,-6.589,42.35,76,93,9.95,overcast clouds
102,Krasnoselkup,RU,65.7,82.4667,-8.48,99,95,7.14,overcast clouds
103,Lebu,CL,-37.6167,-73.65,62.13,66,51,10.67,broken clouds
104,Manitouwadge,CA,49.1215,-85.8403,-2.42,81,97,6.29,overcast clouds
105,Bethel,US,41.3712,-73.414,41.58,48,1,3.0,clear sky
106,Plainview,US,40.7765,-73.4673,43.34,45,1,1.99,clear sky
107,East London,ZA,-33.0153,27.9116,68.14,72,84,10.25,broken clouds
108,Sao Filipe,CV,14.8961,-24.4956,78.87,62,100,6.51,overcast clouds
109,Khatanga,RU,71.9667,102.5,-8.81,97,100,9.57,overcast clouds
110,Longyearbyen,SJ,78.2186,15.6401,31.84,86,75,21.85,light snow
111,Georgetown,MY,5.4112,100.3354,81.9,78,20,8.01,few clouds
112,Alofi,NU,-19.0595,-169.9187,73.29,88,100,9.22,light rain
113,Bathsheba,BB,13.2167,-59.5167,84.81,61,75,23.02,broken clouds
114,Pevek,RU,69.7008,170.3133,-9.58,93,100,5.53,overcast clouds
115,Moses Lake,US,47.1301,-119.2781,34.18,70,86,3.38,overcast clouds
116,Ostrovnoy,RU,68.0531,39.5131,3.56,93,78,9.35,broken clouds
117,Belmonte,BR,-15.8631,-38.8828,82.9,76,84,10.07,broken clouds
118,Nikolskoye,RU,59.7035,30.7861,4.89,100,83,4.0,broken clouds
119,Nome,US,64.5011,-165.4064,-8.39,98,32,6.38,scattered clouds
120,Sitka,US,57.0531,-135.33,39.09,75,90,13.8,light rain
121,Nizhniy Kuranakh,RU,58.8353,125.4869,-3.64,98,96,3.74,overcast clouds
122,Ormilia,GR,40.3,23.55,47.57,68,100,15.61,overcast clouds
123,Barrow,US,71.2906,-156.7887,19.42,79,90,20.71,light snow
124,Hithadhoo,MV,-0.6,73.0833,82.47,78,100,13.69,overcast clouds
125,Birjand,IR,32.8663,59.2211,54.07,17,0,4.61,clear sky
126,Kerema,PG,-7.9631,145.7785,78.48,85,99,4.16,overcast clouds
127,Narsaq,GL,60.9167,-46.05,5.02,74,23,7.58,few clouds
128,Namibe,AO,-15.1961,12.1522,81.23,50,20,18.41,few clouds
129,Tuatapere,NZ,-46.1333,167.6833,50.83,93,99,4.03,overcast clouds
130,Deputatskiy,RU,69.3,139.9,-27.63,95,100,4.09,overcast clouds
131,Kapit,MY,2.0167,112.9333,74.25,99,99,1.05,overcast clouds
132,Kaeo,NZ,-35.1,173.7833,66.33,95,100,2.08,overcast clouds
133,Kavieng,PG,-2.5744,150.7967,81.39,85,100,21.39,light rain
134,La Ronge,CA,55.1001,-105.2842,-21.75,69,20,3.44,few clouds
135,Saint George,US,37.1041,-113.5841,52.36,49,75,0.0,broken clouds
136,Oxford,GB,51.7522,-1.256,46.38,92,20,1.99,few clouds
137,Hobart,AU,-42.8794,147.3294,44.46,83,6,3.44,clear sky
138,Hambantota,LK,6.1241,81.1185,79.14,89,20,3.44,few clouds
139,Provideniya,RU,64.3833,-173.3,1.92,78,90,5.48,overcast clouds
140,Malakal,SS,9.5334,31.6605,88.81,21,40,5.06,scattered clouds
141,Port Moresby,PG,-9.4431,147.1797,76.42,94,90,3.44,overcast clouds
142,Pueblo,US,38.2545,-104.6091,51.75,34,87,2.77,overcast clouds
143,Najran,SA,17.4924,44.1277,70.45,16,0,5.64,clear sky
144,Lamu,KE,-2.2717,40.902,80.42,76,95,10.2,overcast clouds
145,San Cristobal,VE,7.7669,-72.225,75.38,46,100,6.15,overcast clouds
146,Kannauj,IN,27.0546,79.922,64.27,40,0,4.65,clear sky
147,Mecca,SA,21.4267,39.8261,79.47,64,0,8.43,clear sky
148,Kapaa,US,22.0752,-159.319,70.12,79,90,1.01,moderate rain
149,Tuktoyaktuk,CA,69.4541,-133.0374,6.8,78,1,11.5,clear sky
150,Phan Thiet,VN,10.9333,108.1,72.66,88,49,3.6,scattered clouds
151,Richards Bay,ZA,-28.783,32.0377,74.44,71,83,8.5,broken clouds
152,Chenzhou,CN,25.8,113.0333,51.28,64,5,0.29,clear sky
153,Sinnamary,GF,5.3833,-52.95,81.86,79,78,5.64,broken clouds
154,Torbay,CA,47.6666,-52.7314,58.68,92,90,39.12,light intensity drizzle
155,Victoria,HK,22.2855,114.1577,69.24,76,92,1.01,overcast clouds
156,Tilichiki,RU,60.4667,166.1,4.77,95,100,8.46,overcast clouds
157,Saldanha,ZA,-33.0117,17.9442,77.05,80,49,26.31,scattered clouds
158,Boffa,GN,10.1667,-14.0333,94.5,49,22,10.63,few clouds
159,Pathein,MM,16.7833,94.7333,69.55,75,1,0.85,clear sky
160,Cayenne,GF,4.9333,-52.3333,86.04,79,40,11.5,scattered clouds
161,New Norfolk,AU,-42.7826,147.0587,44.1,67,9,2.64,clear sky
162,Vila Franca Do Campo,PT,37.7167,-25.4333,63.19,73,91,11.99,overcast clouds
163,Castro,BR,-24.7911,-50.0119,66.58,68,83,9.82,broken clouds
164,Rio Grande,BR,-32.035,-52.0986,75.31,57,6,15.21,clear sky
165,Dezhou,CN,37.4486,116.2925,38.14,64,97,3.94,overcast clouds
166,Caravelas,BR,-17.7125,-39.2481,75.76,90,100,5.44,overcast clouds
167,Yarmouth,US,41.7057,-70.2286,43.18,57,1,15.01,clear sky
168,Mar Del Plata,AR,-38.0023,-57.5575,73.42,92,40,24.0,scattered clouds
169,Hobe Sound,US,27.0595,-80.1364,79.97,74,1,5.75,clear sky
170,Chimore,BO,-16.9833,-65.1333,88.32,51,80,4.76,broken clouds
171,Aripuana,BR,-9.1667,-60.6333,85.95,63,97,3.85,overcast clouds
172,Sur,OM,22.5667,59.5289,74.25,59,0,6.11,clear sky
173,Muros,ES,42.7762,-9.0603,56.08,71,92,22.12,overcast clouds
174,Tiksi,RU,71.6872,128.8694,-25.44,95,100,7.47,overcast clouds
175,Petropavlovsk-Kamchatskiy,RU,53.0452,158.6483,27.19,46,40,22.37,scattered clouds
176,Jumla,NP,29.2747,82.1838,37.45,56,0,5.1,clear sky
177,Kenora,CA,49.8167,-94.4337,-4.02,84,75,8.05,broken clouds
178,Bembereke,BJ,10.2283,2.6634,94.24,13,33,7.11,scattered clouds
179,Arraial Do Cabo,BR,-22.9661,-42.0278,75.16,83,90,12.66,mist
180,Pangnirtung,CA,66.1451,-65.7125,12.2,73,90,4.61,light snow
181,Sao Joao Da Barra,BR,-21.6403,-41.0511,78.89,78,85,15.05,overcast clouds
182,Mocuba,MZ,-16.8392,36.9856,88.65,36,99,10.85,overcast clouds
183,Kirkwall,GB,58.9848,-2.9587,43.14,70,75,13.8,light rain
184,Leningradskiy,RU,69.3833,178.4167,-11.18,81,98,13.69,overcast clouds
185,Anjiang,CN,27.3194,110.1031,52.95,66,100,3.44,overcast clouds
186,Diffa,NE,13.3154,12.6113,84.79,10,17,12.28,few clouds
187,Berlevag,NO,70.8578,29.0864,17.55,62,14,29.93,few clouds
188,Bandarbeyla,SO,9.4942,50.8122,77.5,64,7,19.17,clear sky
189,Talnakh,RU,69.4865,88.3972,-11.79,98,100,5.84,overcast clouds
190,Payo,ID,-3.7508,103.6372,73.65,98,100,1.9,overcast clouds
191,Le Vauclin,MQ,14.5452,-60.8388,84.25,70,75,18.41,broken clouds
192,Zalantun,CN,48.0,122.7167,18.28,81,3,3.71,clear sky
193,Svecha,RU,58.2785,47.5164,13.35,85,100,13.15,snow
194,Pokhara,NP,28.2333,83.9833,57.99,55,4,5.95,clear sky
195,Chama,CH,47.1821,8.4636,38.23,93,56,3.83,broken clouds
196,Merauke,ID,-8.4667,140.3333,80.55,81,53,5.91,broken clouds
197,Chokurdakh,RU,70.6333,147.9167,-21.51,98,100,4.05,overcast clouds
198,Warrnambool,AU,-38.3833,142.4833,49.8,60,70,14.81,broken clouds
199,Pisco,PE,-13.7,-76.2167,68.05,83,90,4.61,mist
200,Bon Air,US,37.5249,-77.5578,43.68,45,91,1.01,overcast clouds
201,Mega,ET,4.05,38.3,66.52,55,52,12.91,broken clouds
202,Pangody,RU,65.85,74.4859,-0.76,95,100,16.4,overcast clouds
203,Hasaki,JP,35.7333,140.8333,50.4,89,100,30.69,moderate rain
204,Ust-Kuyga,RU,70.0167,135.6,-26.81,91,100,8.08,overcast clouds
205,Oliveira Dos Brejinhos,BR,-12.3169,-42.8961,87.13,49,45,5.26,scattered clouds
206,Husavik,IS,66.0449,-17.3389,31.91,86,100,6.85,overcast clouds
207,Sterling,US,39.0062,-77.4286,41.34,48,1,10.0,clear sky
208,Itaporanga,BR,-7.3044,-38.1503,97.41,23,48,9.48,scattered clouds
209,Port Elizabeth,ZA,-33.918,25.5701,70.09,56,0,6.91,clear sky
210,Boulsa,BF,12.6675,-0.5758,95.27,9,63,8.63,broken clouds
211,Nicoya,CR,10.1483,-85.452,85.55,62,82,6.96,broken clouds
212,Yerofey Pavlovich,RU,53.9667,121.9667,-0.06,98,28,2.1,scattered clouds
213,Aykhal,RU,66.0,111.5,-19.48,98,97,2.55,overcast clouds
214,Ust-Maya,RU,60.4167,134.5333,-36.81,100,50,2.17,scattered clouds
215,Carutapera,BR,-1.195,-46.02,82.4,84,48,8.59,scattered clouds
216,Palanga,LT,55.9175,21.0686,15.75,85,0,2.3,clear sky
217,Tuban,ID,-6.8976,112.0649,79.38,83,96,6.89,overcast clouds
218,Ranong,TH,9.9658,98.6348,74.35,87,65,7.58,broken clouds
219,Srandakan,ID,-7.9386,110.2506,65.73,84,85,2.24,overcast clouds
220,Lavrentiya,RU,65.5833,-171.0,-2.61,83,83,6.85,broken clouds
221,Murzzuschlag,AT,47.6,15.6833,33.31,97,94,4.68,light snow
222,Sorland,NO,67.667,12.6934,28.26,68,99,13.76,overcast clouds
223,Vila Velha,BR,-20.3297,-40.2925,73.35,93,75,3.0,moderate rain
224,Faanui,PF,-16.4833,-151.75,80.69,72,100,7.29,overcast clouds
225,Elizabeth City,US,36.2946,-76.2511,48.22,48,99,10.89,overcast clouds
226,Rudnogorsk,RU,57.2639,103.7519,30.96,89,100,10.25,overcast clouds
227,Ambulu,ID,-8.345,113.6058,77.54,88,99,3.29,overcast clouds
228,Tommot,RU,58.9564,126.2925,-7.8,99,98,1.25,overcast clouds
229,Kruisfontein,ZA,-34.0033,24.7314,65.88,68,90,7.78,overcast clouds
230,Portland,US,45.5234,-122.6762,50.59,95,100,3.0,overcast clouds
231,Inyonga,TZ,-6.7167,32.0667,76.1,50,95,1.36,overcast clouds
232,Ribeira Grande,PT,38.5167,-28.7,64.8,59,40,8.05,scattered clouds
233,Lesosibirsk,RU,58.2358,92.4828,24.48,96,100,6.87,light snow
234,Svobodnyy,RU,51.4,128.1333,-0.06,98,46,4.21,scattered clouds
235,Bowen,AU,-20.0167,148.2333,71.82,77,3,8.3,clear sky
236,Mareeba,AU,-17.0,145.4333,75.92,93,54,3.36,broken clouds
237,Upernavik,GL,72.7868,-56.1549,13.82,89,100,8.5,overcast clouds
238,Guhagar,IN,17.4842,73.1929,74.95,77,0,5.14,clear sky
239,Tautira,PF,-17.7333,-149.15,78.82,78,100,7.78,overcast clouds
240,Souillac,MU,-20.5167,57.5167,79.18,73,40,8.05,light rain
241,Vallenar,CL,-28.5708,-70.7581,82.38,30,37,8.43,scattered clouds
242,Ekhabi,RU,53.5102,142.9671,9.91,77,5,13.67,clear sky
243,Ormara,PK,25.2088,64.6357,75.97,49,0,7.29,clear sky
244,Tasiilaq,GL,65.6145,-37.6368,19.04,70,97,5.1,overcast clouds
245,Ugoofaaru,MV,5.6667,73.0,83.14,73,69,13.53,broken clouds
246,Doka,SD,13.5167,35.7667,85.5,18,7,7.7,clear sky
247,Saskylakh,RU,71.9167,114.0833,-19.05,99,96,4.25,overcast clouds
248,Havelock,US,34.8791,-76.9013,54.01,62,100,5.99,overcast clouds
249,Belyy Yar,RU,53.6039,91.3903,35.49,73,0,15.66,clear sky
250,Tonj,SS,7.2737,28.6822,90.19,22,90,4.83,overcast clouds
251,Makat,KZ,47.6469,53.3463,38.55,75,18,10.22,few clouds
252,Tongliao,CN,43.6125,122.2653,16.65,85,6,6.49,clear sky
253,Vaitape,PF,-16.5167,-151.75,80.69,72,99,7.27,overcast clouds
254,Mount Isa,AU,-20.7333,139.5,82.17,51,75,4.61,light rain
255,Port Lavaca,US,28.615,-96.6261,58.98,51,90,4.61,overcast clouds
256,Mugur-Aksy,RU,50.35,90.5,12.47,92,99,6.31,overcast clouds
257,Vostok,RU,46.4856,135.8833,6.03,93,12,4.83,few clouds
258,Finschhafen,PG,-6.6024,147.8681,80.73,77,92,0.85,overcast clouds
259,Kavaratti,IN,10.5669,72.642,80.37,69,0,10.13,clear sky
260,Prince Rupert,CA,54.3161,-130.3201,33.89,100,90,5.75,light rain
261,Sargans,CH,47.049,9.441,39.92,91,36,7.87,scattered clouds
262,Gat,IL,31.61,34.7642,66.4,41,100,2.95,overcast clouds
263,Atar,MR,20.5169,-13.0499,83.25,7,98,12.73,overcast clouds
264,Cabedelo,BR,-6.9811,-34.8339,84.6,62,6,14.65,clear sky
265,Esperance,AU,-33.8667,121.9,57.56,73,2,18.39,clear sky
266,Nazarovo,RU,56.0064,90.3914,29.61,95,100,13.31,light snow
267,Otradnoye,RU,59.7775,30.8181,5.05,99,85,4.05,overcast clouds
268,Hami,CN,42.8,93.45,29.23,57,100,2.48,overcast clouds
269,Thompson,CA,55.7435,-97.8558,-23.31,97,23,3.18,few clouds
270,Kahului,US,20.8947,-156.47,78.84,92,89,3.0,overcast clouds
271,Honningsvag,NO,70.9821,25.9704,25.56,74,7,32.68,clear sky
272,Kambove,CD,-10.8764,26.5969,69.91,70,97,3.6,light rain
273,Ust-Ishim,RU,57.6935,71.1665,-6.03,98,39,5.12,scattered clouds
274,Stornoway,GB,58.2093,-6.3865,40.96,80,75,11.99,moderate rain
275,Gravdal,NO,68.1214,13.5031,24.69,54,40,8.05,scattered clouds
276,Kraslava,LV,55.8951,27.168,4.62,98,39,3.02,scattered clouds
277,Aguimes,ES,27.9054,-15.4461,65.03,73,0,13.8,clear sky
278,Bambanglipuro,ID,-7.95,110.2833,64.6,84,86,2.17,overcast clouds
279,San-Pedro,CI,4.7485,-6.6363,83.43,71,93,6.11,overcast clouds
280,Haines Junction,CA,60.7522,-137.5108,14.25,97,84,3.62,light snow
281,Sabang,ID,5.8933,95.3214,82.38,73,13,20.33,few clouds
282,Henties Bay,NA,-22.116,14.2845,64.85,77,3,9.64,clear sky
283,Llangefni,GB,53.2556,-4.3106,46.72,76,75,37.98,broken clouds
284,Rio Gallegos,AR,-51.6226,-69.2181,54.18,35,100,35.01,overcast clouds
285,Guerrero Negro,MX,27.9769,-114.0611,62.6,79,0,3.09,clear sky
286,Mnogovershinnyy,RU,53.9353,139.9242,0.21,81,14,7.54,few clouds
287,Reconquista,AR,-29.15,-59.65,90.18,25,1,12.15,clear sky
288,Leh,IN,34.1667,77.5833,13.69,58,98,3.67,overcast clouds
289,Jardim,BR,-21.4803,-56.1381,96.49,25,19,6.67,few clouds
290,Maksatikha,RU,57.797,35.8825,21.15,99,98,2.86,light snow
291,Vao,NC,-22.6667,167.4833,77.65,83,1,5.41,clear sky
292,Arlit,NE,18.7369,7.3853,84.15,9,2,7.74,clear sky
293,Isiro,CD,2.7739,27.616,77.63,62,98,1.16,overcast clouds
294,Kortkeros,RU,61.8106,51.5806,-4.0,100,76,3.11,broken clouds
295,Umm Kaddadah,SD,13.6017,26.6876,82.81,15,0,10.29,clear sky
296,Plettenberg Bay,ZA,-34.0527,23.3716,64.8,71,30,5.91,scattered clouds
297,Lorengau,PG,-2.0226,147.2712,81.46,84,100,16.35,overcast clouds
298,Fortuna,US,40.5982,-124.1573,50.36,76,90,1.99,overcast clouds
299,Samarai,PG,-10.6167,150.6667,80.82,80,59,4.41,broken clouds
300,Evensk,RU,61.95,159.2333,5.23,93,100,17.29,light snow
301,Sambava,MG,-14.2667,50.1667,78.08,78,1,10.38,clear sky
302,Ust-Tsilma,RU,65.441,52.1498,3.65,98,73,4.18,broken clouds
303,Dingle,PH,10.9995,122.6711,74.98,90,100,9.31,overcast clouds
304,Karachi,PK,24.9056,67.0822,69.62,32,0,8.05,haze
305,San Patricio,US,28.017,-97.5169,60.89,48,63,3.62,broken clouds
306,Codrington,AU,-38.2667,141.9667,52.34,60,61,14.52,broken clouds
307,Waddan,LY,29.1614,16.139,55.17,42,4,13.13,clear sky
308,Kieta,PG,-6.2167,155.6333,78.76,89,100,3.09,light rain
309,Kudamatsu,JP,34.0,131.8667,54.59,77,65,5.66,broken clouds
310,Vidisha,IN,23.5333,77.8167,65.53,55,0,6.67,clear sky
311,Lompoc,US,34.6391,-120.4579,56.12,89,90,3.44,overcast clouds
312,Tsaratanana,MG,-16.7833,47.65,83.57,43,6,14.0,clear sky
313,Fort Nelson,CA,58.8053,-122.7002,4.59,97,100,0.96,overcast clouds
314,Asyut,EG,27.181,31.1837,69.42,24,100,10.92,overcast clouds
315,Kangaba,ML,11.9333,-8.4167,95.85,9,74,6.44,broken clouds
316,Komsomolskiy,UZ,40.4272,71.7189,42.22,38,100,2.04,overcast clouds
317,Havoysund,NO,70.9963,24.6622,22.08,70,6,19.28,clear sky
318,Ossora,RU,59.2353,163.0719,18.52,81,100,9.48,overcast clouds
319,Porto Novo,BJ,6.4965,2.6036,87.62,64,78,8.79,broken clouds
320,Hokitika,NZ,-42.7167,170.9667,51.33,89,47,4.47,scattered clouds
321,Noyabrsk,RU,63.1994,75.4507,2.71,96,98,10.0,overcast clouds
322,Charyshskoye,RU,51.3978,83.5598,26.55,97,100,8.86,light snow
323,Bengkulu,ID,-3.8004,102.2655,76.59,88,69,3.89,broken clouds
324,Trelew,AR,-43.249,-65.3051,97.18,18,85,20.69,overcast clouds
325,Clyde River,CA,70.4692,-68.5914,-2.81,98,96,2.82,overcast clouds
326,Gasa,PS,31.5,34.4667,64.18,40,100,3.15,overcast clouds
327,Machali,CL,-34.1833,-70.6667,82.02,32,0,6.4,clear sky
328,Nchelenge,ZM,-9.3451,28.734,79.97,63,53,0.25,broken clouds
329,Ilulissat,GL,69.2167,-51.1,17.62,57,75,6.91,broken clouds
330,Navoi,UZ,40.0844,65.3792,35.08,87,1,2.3,mist
331,Grindavik,IS,63.8424,-22.4338,30.67,86,75,11.5,broken clouds
332,Kinkala,CG,-4.3614,14.7644,79.41,85,62,3.8,light rain
333,Mende,FR,44.6667,3.5,31.44,93,100,4.99,overcast clouds
334,Elko,US,41.0002,-115.5012,32.65,72,42,8.99,scattered clouds
335,Okhotsk,RU,59.3833,143.3,-21.15,88,9,15.79,clear sky
336,Erzin,TR,36.9559,36.2,63.12,54,0,11.36,clear sky
337,Aksu,CN,41.1231,80.2644,32.18,38,77,2.73,broken clouds
338,Oga,IT,46.4631,10.347,22.69,83,5,1.7,clear sky
339,Ust-Nera,RU,64.5667,143.2,-46.07,97,67,1.74,broken clouds
340,Nobres,BR,-14.7203,-56.3275,88.75,60,88,4.32,overcast clouds
341,La Palma,US,33.8464,-118.0467,59.81,89,90,1.99,mist
342,Progreso,MX,21.2833,-89.6667,80.71,66,4,4.79,clear sky
343,Birao,CF,10.2849,22.7882,87.75,17,6,5.14,clear sky
344,Tiznit,MA,29.5833,-9.5,67.68,18,73,7.27,broken clouds
345,Sennan,JP,34.3582,135.2837,54.84,82,75,21.85,broken clouds
346,Marawi,PH,7.9986,124.2928,68.65,93,100,2.46,overcast clouds
347,Burgeo,CA,47.6167,-57.6152,39.63,83,100,32.14,overcast clouds
348,Aquiraz,BR,-3.9014,-38.3911,89.22,61,31,15.41,scattered clouds
349,Oshnaviyeh,IR,37.0397,45.0983,34.05,51,99,2.64,overcast clouds
350,Kutum,SD,14.2,24.6667,78.22,17,1,9.19,clear sky
351,San Andres,CO,12.5847,-81.7006,81.97,79,13,21.61,few clouds
352,Yaan,NG,7.3833,8.5667,95.07,16,96,6.6,overcast clouds
353,Gisborne,NZ,-38.6533,178.0042,65.95,78,100,4.94,overcast clouds
354,Valday,RU,57.9747,33.2525,17.89,96,98,6.02,overcast clouds
355,Hervey Bay,AU,-25.2986,152.8535,75.04,89,59,4.72,broken clouds
356,Qarqin,AF,37.4185,66.0436,53.08,43,22,6.73,few clouds
357,Santa Isabel,BR,-23.3156,-46.2214,71.31,88,99,9.89,overcast clouds
358,Sociedad,SV,13.7,-88.0167,88.11,47,47,3.91,scattered clouds
359,Vila,PT,42.0304,-8.1588,47.34,94,100,9.04,light rain
360,Brae,GB,60.3964,-1.353,42.71,76,95,15.97,overcast clouds
361,Ponnani,IN,10.767,75.9252,81.72,81,5,4.36,clear sky
362,Tucupita,VE,9.0622,-62.051,81.54,79,59,5.21,broken clouds
363,Namatanai,PG,-3.6667,152.4333,78.55,88,100,5.14,moderate rain
364,Sergeyevka,KZ,53.88,67.4158,-5.55,97,6,5.26,clear sky
365,Olafsvik,IS,64.8945,-23.7142,34.41,51,86,6.71,overcast clouds
366,Touros,BR,-5.1989,-35.4608,86.9,60,21,15.97,few clouds
367,Antalaha,MG,-14.9003,50.2788,77.13,76,0,8.63,clear sky
368,Imbituba,BR,-28.24,-48.6703,75.09,55,76,8.88,broken clouds
369,Santa Maria,BR,-29.6842,-53.8069,82.72,31,0,11.81,clear sky
370,Stevens Point,US,44.5236,-89.5746,9.05,65,90,4.61,overcast clouds
371,Ishigaki,JP,24.3448,124.1572,69.35,63,100,21.07,overcast clouds
372,Port Shepstone,ZA,-30.7414,30.455,70.83,76,100,10.13,light rain
373,Akyab,MM,20.15,92.9,78.28,66,34,2.8,scattered clouds
374,Chipinge,ZW,-20.1883,32.6236,82.54,34,78,9.98,broken clouds
375,Rovaniemi,FI,66.5,25.7167,4.41,78,0,10.36,clear sky
376,Amazar,RU,53.858,120.875,1.51,99,63,1.54,broken clouds
377,Yubari,JP,43.0378,141.9578,30.7,92,100,3.74,overcast clouds
378,Chifeng,CN,42.2683,118.9636,30.97,29,1,4.79,clear sky
379,Tura,IN,25.5198,90.2201,64.08,87,6,3.04,clear sky
380,Jinchang,CN,38.4953,102.1739,30.56,30,100,5.06,overcast clouds
381,Shieli,KZ,44.1667,66.75,39.74,79,100,8.14,overcast clouds
382,Torbat-E Jam,IR,35.244,60.6225,46.04,39,0,1.88,clear sky
383,Mandalgovi,MN,45.7625,106.2708,20.71,27,0,5.46,clear sky
384,Honghu,CN,29.8206,113.4621,52.83,47,99,8.3,overcast clouds
385,Riviere-Au-Renard,CA,48.9957,-64.3971,26.1,60,8,24.81,clear sky
386,Labuhan,ID,-6.8844,112.2051,79.84,83,93,7.61,overcast clouds
387,Yuancheng,CN,36.652,107.7896,31.64,90,100,7.29,light snow
388,Paamiut,GL,61.994,-49.6678,7.32,74,10,10.13,clear sky
389,Maniitsoq,GL,65.4167,-52.9,17.47,71,85,17.2,overcast clouds
390,Abha,SA,18.2164,42.5053,59.25,82,0,5.75,clear sky
391,Hobyo,SO,5.3505,48.5268,78.82,68,66,16.87,broken clouds
392,Sikasso,ML,10.9167,-7.0,96.94,9,72,4.92,broken clouds
393,Tanout,NE,14.9709,8.8879,81.41,10,87,16.64,overcast clouds
394,Bauchi,NG,10.5,10.0,88.83,15,15,7.85,few clouds
395,Korla,CN,41.7597,86.1469,30.42,45,5,4.32,clear sky
396,Dwarka,IN,22.2394,68.9678,76.46,63,1,12.48,clear sky
397,Soyo,AO,-6.1349,12.3689,81.27,81,66,9.19,broken clouds
398,Hella,NO,67.2,14.4333,21.34,49,0,13.8,clear sky
399,Iqaluit,CA,63.7506,-68.5145,4.69,77,99,2.01,overcast clouds
400,Apt,FR,43.8833,5.4,47.84,66,100,4.41,overcast clouds
401,Xuddur,SO,4.1213,43.8894,83.23,36,93,9.06,overcast clouds
402,Kabo,CF,7.6994,18.629,91.87,18,100,4.16,overcast clouds
403,Lethem,GY,3.3803,-59.7968,86.54,61,80,6.89,broken clouds
404,Solano,US,38.2333,-121.9511,52.05,84,100,3.51,overcast clouds
405,Amahai,ID,-3.3333,128.9167,79.12,86,100,2.28,light rain
406,Nelson Bay,AU,-32.7167,152.15,68.09,86,81,6.24,broken clouds
407,Chalus,IR,36.655,51.4204,60.12,69,5,8.97,clear sky
408,Vestmanna,FO,62.1564,-7.1664,38.95,83,100,8.32,overcast clouds
409,Acapulco,MX,16.8634,-99.8901,82.63,63,1,0.98,clear sky
410,Midleton,IE,51.9153,-8.1805,44.65,82,97,38.79,light rain
411,Puerto Del Rosario,ES,28.5004,-13.8627,67.75,77,20,10.36,few clouds
412,Berbera,SO,10.4396,45.0143,78.71,64,19,11.3,few clouds
413,Iquique,CL,-20.2208,-70.1431,69.84,64,41,8.23,scattered clouds
414,Magistralnyy,RU,56.1725,107.4458,31.28,82,100,5.5,overcast clouds
415,Grand Prairie,US,32.746,-96.9978,49.21,52,1,3.44,clear sky
416,Terracina,IT,41.2863,13.2217,49.03,55,0,3.0,clear sky
417,Ponta Do Sol,PT,32.6667,-17.1,67.71,64,96,5.32,overcast clouds
418,Manggar,ID,-2.8833,108.2667,78.66,87,100,8.63,overcast clouds
419,Villazon,BO,-22.0866,-65.5942,49.69,75,100,3.74,overcast clouds
420,Yerbogachen,RU,61.2767,108.0108,7.05,96,100,1.66,light snow
421,Flagstaff,US,35.1981,-111.6513,43.12,48,20,0.0,few clouds
422,Balikpapan,ID,-1.2675,116.8289,76.6,87,100,1.03,overcast clouds
423,Tabatinga,BR,-4.2525,-69.9381,82.49,74,75,6.91,broken clouds
424,Karratha,AU,-20.7377,116.8463,88.83,46,35,3.18,scattered clouds
425,Kijang,KR,35.2442,129.2139,50.58,65,58,11.97,broken clouds
426,Oudtshoorn,ZA,-33.5907,22.2014,69.13,63,71,10.22,broken clouds
427,Bendigo,AU,-36.7667,144.2833,48.85,48,0,8.68,clear sky
428,Dunedin,NZ,-45.8742,170.5036,50.14,92,25,2.73,scattered clouds
429,Chicama,PE,-7.8447,-79.1469,64.94,59,61,9.13,broken clouds
430,Cururupu,BR,-1.8283,-44.8683,85.46,69,35,7.49,scattered clouds
431,Lodwar,KE,3.1191,35.5973,89.98,28,100,11.36,overcast clouds
432,Ayan,RU,56.45,138.1667,16.09,51,21,13.65,few clouds
433,Gushikawa,JP,26.3544,127.8686,69.03,72,20,9.22,few clouds
434,Langham,CA,52.3668,-106.9679,-1.98,89,85,4.25,overcast clouds
435,Kaitangata,NZ,-46.2817,169.8464,46.56,96,43,3.53,scattered clouds
436,Kamina,CD,-8.7386,24.9906,74.75,73,66,2.62,broken clouds
437,Gouyave,GD,12.1646,-61.7296,86.77,62,20,19.57,few clouds
438,Kirundo,BI,-2.5833,30.1667,74.17,83,100,2.04,overcast clouds
439,Angoche,MZ,-16.2325,39.9086,81.63,80,2,12.97,clear sky
440,Faya,SA,18.3851,42.4509,59.52,57,2,4.81,clear sky
441,Eloi Mendes,BR,-21.61,-45.5653,74.73,63,46,4.68,scattered clouds
442,Lambarene,GA,-0.7001,10.2406,81.86,85,37,3.31,light rain
443,Tromso,NO,69.6496,18.957,19.42,58,0,11.5,clear sky
444,Nouadhibou,MR,20.931,-17.0347,70.14,54,9,10.31,clear sky
445,Vestmannaeyjar,IS,63.4427,-20.2734,34.79,75,20,6.91,few clouds
446,Port Hardy,CA,50.6996,-127.4199,48.76,89,100,14.94,overcast clouds
447,Griffith,US,41.5284,-87.4237,20.91,55,1,1.99,clear sky
448,Salalah,OM,17.0151,54.0924,78.89,44,0,3.44,clear sky
449,Oktyabrskoye,RU,43.0645,44.7417,32.14,100,75,4.47,fog
450,Riachao Do Jacuipe,BR,-11.8069,-39.3856,89.29,45,77,6.26,broken clouds
451,Jinja,UG,0.439,33.2032,73.51,64,100,6.08,overcast clouds
452,Umm Lajj,SA,25.0213,37.2685,77.58,60,78,1.19,broken clouds
453,Xihua,CN,33.7833,114.5167,43.45,56,100,6.04,overcast clouds
454,Gao,ML,16.6362,1.637,89.71,8,10,10.67,clear sky
455,Fort Morgan,US,40.2503,-103.8,36.25,60,1,5.75,clear sky
456,Zyryanka,RU,65.75,150.85,-23.98,96,100,12.8,overcast clouds
457,Surt,LY,31.2089,16.5887,63.09,53,64,28.21,broken clouds
458,Kaseda,JP,31.4167,130.3167,54.97,74,0,16.24,clear sky
459,Sao Miguel Do Araguaia,BR,-13.275,-50.1628,84.29,71,35,3.53,scattered clouds
460,Novoilinsk,RU,51.6829,108.7143,7.02,94,56,2.1,broken clouds
461,Formosa,AR,-26.1775,-58.1781,87.78,45,40,11.5,scattered clouds
462,Le Port,RE,-20.9373,55.2919,78.8,76,61,4.21,broken clouds
463,Margate,GB,51.3813,1.3862,46.11,91,100,13.0,light rain
464,Axim,GH,4.8699,-2.2405,83.57,71,95,7.49,overcast clouds
465,Solnechnyy,RU,50.7214,136.6319,5.94,83,37,3.89,scattered clouds
466,Fuerte Olimpo,PY,-21.0415,-57.8738,97.99,26,4,8.01,clear sky
467,Puerto Rico,AR,-26.796,-55.024,92.71,27,8,3.89,clear sky
468,Kirakira,SB,-10.4544,161.9205,79.45,90,100,10.63,moderate rain
469,Lasa,IT,46.6166,10.7002,29.62,79,4,3.38,clear sky
470,Cabo San Lucas,MX,22.8909,-109.9124,76.51,67,75,0.0,broken clouds
471,Flin Flon,CA,54.7682,-101.865,-7.96,96,62,3.2,broken clouds
472,Mukhen,RU,48.1,136.1,12.52,92,38,4.83,scattered clouds
473,Kauhajoki,FI,62.4333,22.1833,-11.22,98,60,1.43,broken clouds
474,Raahe,FI,64.6833,24.4833,3.29,94,37,5.03,scattered clouds
475,Lisala,CD,2.15,21.5167,80.06,72,82,3.22,broken clouds
476,Wattegama,LK,6.7989,81.4808,77.92,87,86,4.23,overcast clouds
477,Gamba,GA,-2.65,10.0,80.74,79,54,7.18,light rain
478,Homer,US,59.6425,-151.5483,33.08,94,90,20.71,snow
479,Lerwick,GB,60.1545,-1.1494,42.8,73,100,20.4,overcast clouds
480,Madras,IN,13.0878,80.2785,81.97,87,20,4.61,mist
481,Katangli,RU,51.7102,143.2326,13.69,85,4,12.21,clear sky
482,Olavarria,AR,-36.8927,-60.3225,80.02,60,3,15.35,clear sky
483,Duki,PK,30.1541,68.5728,51.57,32,0,3.56,clear sky
484,Buraydah,SA,26.326,43.975,63.86,23,82,8.46,broken clouds
485,Sao Joao Dos Patos,BR,-6.495,-43.7022,95.9,32,44,6.67,scattered clouds
486,Boende,CD,-0.2167,20.8667,82.24,73,98,2.26,overcast clouds
487,North Myrtle Beach,US,33.816,-78.68,59.0,43,90,9.22,overcast clouds
488,Tahe,CN,52.3333,124.7333,4.46,97,10,3.53,clear sky
489,Anadyr,RU,64.75,177.4833,-16.01,75,91,8.01,overcast clouds
490,Hubli,IN,15.35,75.1667,71.64,58,0,6.49,clear sky
491,Valle Hermoso,MX,25.6667,-97.8333,62.74,49,100,7.52,overcast clouds
492,Peruc,CZ,50.3425,13.9599,35.29,95,100,1.86,overcast clouds
493,Yongan,CN,39.6957,113.6871,31.42,42,100,3.91,overcast clouds
494,Yar-Sale,RU,66.8333,70.8333,-6.36,88,95,15.14,overcast clouds
495,Ihosy,MG,-22.4,46.1167,83.08,31,0,8.37,clear sky
496,Lucero,PH,16.4051,119.9124,79.09,68,48,14.03,scattered clouds
497,Chaiya,TH,9.3862,99.1986,77.0,80,34,11.52,scattered clouds
498,Kopavogur,IS,64.1123,-21.913,30.42,69,34,9.19,scattered clouds
499,Savalou,BJ,7.9281,1.9756,93.18,32,99,4.61,overcast clouds
500,Timbiqui,CO,2.7717,-77.6654,77.86,86,100,5.35,overcast clouds
501,Sinop,TR,41.7711,34.8709,50.41,63,14,10.63,few clouds
502,Maceio,BR,-9.6658,-35.7353,89.04,62,75,17.27,broken clouds
503,Itarema,BR,-2.9248,-39.9167,89.01,58,10,18.32,clear sky
504,Kismayo,SO,-0.3582,42.5454,81.3,73,64,11.01,broken clouds
505,Saint-Francois,FR,46.4154,3.9054,45.84,68,0,13.8,clear sky
506,Macerata,IT,43.2,13.1667,37.69,66,0,2.15,clear sky
507,Sol-Iletsk,RU,51.1631,54.9918,20.5,67,36,7.36,scattered clouds
508,Batagay-Alyta,RU,67.8006,130.4114,-31.61,78,100,2.86,overcast clouds
509,Denton,US,33.2001,-97.1336,48.67,55,1,4.0,clear sky
510,Ankazoabo,MG,-22.2833,44.5167,87.93,40,74,8.68,broken clouds
511,Saint Anthony,US,45.0205,-93.218,14.25,83,90,3.0,light snow
512,Broken Hill,AU,-31.95,141.4333,58.78,40,0,21.45,clear sky
513,Tezu,IN,27.9167,96.1667,62.71,89,28,2.66,scattered clouds
514,Houma,US,29.5958,-90.7195,66.99,97,90,8.05,mist
515,Arman,RU,59.7,150.1667,-10.93,98,61,6.6,broken clouds
516,Broome,US,42.2506,-75.833,34.09,64,32,5.01,scattered clouds
517,Matata,NZ,-37.8833,176.75,65.59,93,100,4.03,overcast clouds
518,Canton,CN,23.1167,113.25,68.0,37,100,3.74,overcast clouds
519,Buchanan,LR,5.8808,-10.0467,83.12,74,55,10.63,broken clouds
520,Menongue,AO,-14.6585,17.691,67.41,80,83,6.55,moderate rain
521,Pemba,MZ,-12.974,40.5178,82.18,73,100,12.26,overcast clouds
522,Rusape,ZW,-18.5278,32.1284,78.66,34,91,4.9,overcast clouds
523,Mabai,CN,23.0128,104.4508,43.74,84,0,2.1,clear sky
524,Rapid Valley,US,44.0625,-103.1463,31.06,84,1,9.22,clear sky
525,Miandrivazo,MG,-19.5167,45.4667,90.57,40,6,11.63,clear sky
526,Manadhoo,MV,5.7667,73.3833,83.46,73,80,13.22,broken clouds
527,Bud,US,39.447,-86.1758,25.59,53,99,0.89,overcast clouds
528,Cadereyta,MX,25.5833,-99.9833,65.34,34,85,5.23,overcast clouds
529,Conde,BR,-7.2597,-34.9075,89.06,51,20,11.5,few clouds
530,Baruun-Urt,MN,46.6806,113.2792,21.92,42,100,12.44,overcast clouds
531,Mahibadhoo,MV,3.7833,72.9667,82.92,76,86,12.93,overcast clouds
532,Salina Cruz,MX,16.1667,-95.2,87.12,51,2,14.97,clear sky
533,Prince George,CA,53.9166,-122.753,21.29,93,100,6.02,snow
534,Santa Fe,AR,-31.6333,-60.7,88.02,36,0,8.01,clear sky
535,Puerto Ayacucho,VE,5.6639,-67.6236,87.17,63,45,1.63,scattered clouds
536,Morondava,MG,-20.2833,44.2833,83.16,74,28,18.88,scattered clouds
537,Kalabo,ZM,-14.97,22.6814,76.84,54,100,7.05,overcast clouds
538,Geraldton,AU,-28.7667,114.6,70.21,88,3,8.05,clear sky
539,Termoli,IT,41.9888,14.9895,48.02,58,63,27.38,broken clouds
540,Kulachi,PK,31.9286,70.4592,61.7,33,1,2.19,clear sky
541,Ucluelet,CA,48.9329,-125.5528,43.11,93,100,1.01,overcast clouds
542,Awjilah,LY,29.1081,21.2869,59.14,38,5,15.48,clear sky
543,Waingapu,ID,-9.6567,120.2641,79.27,85,91,6.35,overcast clouds
544,Katsuura,JP,35.1333,140.3,53.71,95,100,24.36,moderate rain
545,Guiglo,CI,6.5456,-7.4966,94.32,29,8,5.23,clear sky
546,Coquimbo,CL,-29.9533,-71.3436,62.33,72,75,11.5,broken clouds
547,Ajaccio,FR,42.0,8.9167,50.49,62,0,3.44,clear sky
548,Yulara,AU,-25.2406,130.9889,75.04,53,75,10.36,broken clouds
549,Sitio Novo Do Tocantins,BR,-5.5183,-47.4611,84.52,74,38,4.07,scattered clouds
550,Domoni,KM,-12.2569,44.5319,81.0,77,99,2.55,overcast clouds
551,Matamoros,MX,25.5333,-103.25,60.91,41,75,3.44,broken clouds
552,Stephenville Crossing,CA,48.5,-58.4318,40.21,89,100,28.74,overcast clouds
553,Nuuk,GL,64.1835,-51.7216,20.01,49,20,9.22,few clouds
554,Padang,ID,-0.9492,100.3543,78.85,83,100,3.33,overcast clouds
555,Deer Lake,CA,49.1667,-57.4316,44.46,93,75,12.66,mist
556,Taunggyi,MM,20.7833,97.0333,57.9,87,35,0.67,scattered clouds
557,Antsohihy,MG,-14.8796,47.9875,82.49,66,23,4.97,few clouds
558,Tala,EG,30.6803,30.9429,65.14,35,3,14.83,clear sky
559,Okato,NZ,-39.2,173.8833,66.42,96,95,2.57,light rain
560,Sanquhar,GB,55.3653,-3.9216,39.96,97,100,20.13,light rain
561,Kabalo,CD,-6.05,26.9167,81.72,69,67,2.68,broken clouds
562,Zabol,AF,32.25,67.25,42.24,19,22,7.65,few clouds
563,Russell,US,32.3502,-85.1999,50.97,71,90,0.0,overcast clouds
564,Cascais,PT,38.6979,-9.4215,63.63,77,75,1.01,broken clouds
565,Katherine,AU,-14.4667,132.2667,80.92,74,89,5.75,overcast clouds
566,Purpe,RU,64.4803,76.6897,2.61,94,89,13.0,overcast clouds
567,Tan An,VN,10.5333,106.4167,77.02,87,48,0.76,scattered clouds
568,Hamilton,US,39.1834,-84.5333,28.11,58,1,1.01,clear sky
569,Biak,ID,-0.9131,122.8766,76.77,84,100,4.74,overcast clouds
570,Porvoo,FI,60.3923,25.6651,8.1,95,54,4.12,broken clouds
571,Ewa Beach,US,21.3156,-158.0072,71.55,86,90,9.22,light rain
572,Hanzhong,CN,33.0728,107.0303,42.44,77,99,2.39,overcast clouds
573,Los Llanos De Aridane,ES,28.6585,-17.9182,64.15,78,75,10.0,volcanic ash
574,Monrovia,LR,6.3005,-10.7969,83.62,72,93,10.49,overcast clouds
575,Adana,TR,36.985,35.2881,64.92,45,0,6.91,clear sky
576,Saint-Joseph,RE,-21.3667,55.6167,77.38,79,29,12.62,light rain
577,Greeneville,US,36.1632,-82.831,46.92,67,1,5.75,clear sky
578,Opuwo,NA,-18.0607,13.84,92.21,13,5,12.95,clear sky
579,Saiha,IN,22.4833,92.9667,66.85,87,99,1.81,overcast clouds
580,Ahipara,NZ,-35.1667,173.1667,64.58,94,97,4.34,overcast clouds
581,Naze,JP,28.3667,129.4833,62.08,58,0,19.93,clear sky
582,Kemijarvi,FI,66.7131,27.4306,-2.09,93,12,3.58,few clouds
583,Nouakchott,MR,18.0858,-15.9785,87.73,21,83,11.97,broken clouds
584,Barranca,PE,-10.75,-77.7667,70.56,76,77,10.33,broken clouds
585,Barra Do Garcas,BR,-15.89,-52.2567,92.77,47,9,2.21,clear sky
586,Ramon Castilla,PE,-4.2569,-69.9594,82.65,74,75,6.91,broken clouds
587,Chlorakas,CY,34.8042,32.4083,67.23,70,90,14.97,overcast clouds
588,Kirksville,US,40.1948,-92.5833,25.05,58,40,7.0,scattered clouds
589,Porto Nacional,BR,-10.7081,-48.4172,77.0,58,22,4.29,few clouds
590,Chapleau,CA,47.8405,-83.4034,0.46,85,100,3.87,overcast clouds
591,Nampa,US,43.5407,-116.5635,39.42,97,1,0.0,mist
592,Bitung,ID,1.4451,125.1824,81.45,87,100,7.43,overcast clouds
593,Toropets,RU,56.4978,31.6353,13.24,96,96,6.64,overcast clouds
594,Jobat,IN,22.4167,74.5667,71.56,54,0,1.28,clear sky
595,Pinheiro Machado,BR,-31.5783,-53.3811,73.06,61,32,11.23,scattered clouds
596,Novonukutskiy,RU,53.7002,102.7117,5.76,96,63,2.91,broken clouds
597,San Vicente,AR,-26.6167,-54.1333,84.27,31,29,4.81,scattered clouds
598,Sibolga,ID,1.7427,98.7792,78.08,83,97,2.28,overcast clouds
599,Tessalit,ML,20.1986,1.0114,86.97,9,11,3.42,few clouds
600,Helong,CN,42.5397,128.9972,22.51,80,4,5.01,clear sky
601,Paungde,MM,18.4833,95.5,71.49,77,0,1.41,clear sky
602,Victor Harbor,AU,-35.5667,138.6167,55.72,59,100,16.51,overcast clouds
603,Ixtapa,MX,20.7,-105.2,74.43,60,1,10.36,clear sky
604,Mushie,CD,-3.0167,16.9,79.02,80,88,3.0,overcast clouds
605,Redcliffe,AU,-27.2307,153.0973,73.35,86,75,6.91,broken clouds
606,Nago,JP,26.5881,127.9761,69.87,57,86,14.99,overcast clouds
607,Yenagoa,NG,4.9247,6.2642,88.83,58,76,5.37,broken clouds
608,Oranjestad,AW,12.524,-70.027,84.15,74,40,20.71,scattered clouds
609,Vyartsilya,RU,62.1764,30.693,13.84,94,100,4.45,light snow
610,Mitu,CO,1.1983,-70.1733,78.28,94,88,3.51,overcast clouds
611,Hit,IQ,33.6416,42.8251,59.86,42,100,5.97,overcast clouds
612,Hastings,GB,50.8552,0.5729,48.52,84,100,40.15,overcast clouds
613,Azanka,RU,58.0401,64.7893,3.94,92,24,4.61,few clouds
614,Emerald,AU,-23.5333,148.1667,69.98,71,91,11.16,overcast clouds
615,Ozu,JP,33.5,132.55,52.18,76,27,16.46,scattered clouds
616,Qaqortoq,GL,60.7167,-46.0333,16.3,76,6,5.59,clear sky
617,Seoul,KR,37.5683,126.9778,40.44,77,0,3.0,clear sky
618,Indore,IN,22.7179,75.8333,62.78,77,0,5.75,haze
619,Male,MV,4.1748,73.5089,82.99,75,64,11.03,broken clouds
620,Riyadh,SA,24.6877,46.7219,66.34,24,3,7.38,clear sky
621,Ramhormoz,IR,31.28,49.6035,68.22,36,30,4.83,scattered clouds
622,Takoradi,GH,4.8845,-1.7554,83.37,72,67,8.93,broken clouds
623,Marevo,RU,57.3146,32.0804,14.47,95,99,5.91,overcast clouds
624,Santa Cruz Del Sur,CU,20.7147,-77.9956,82.8,68,2,10.09,light rain
625,Uddevalla,SE,58.3478,11.9424,27.14,89,100,1.01,overcast clouds
626,Oriximina,BR,-1.7656,-55.8661,84.06,69,97,5.03,overcast clouds
627,Adrar,MR,20.5022,-10.0711,77.86,7,74,15.3,broken clouds
628,Kurdzhinovo,RU,43.9884,40.9552,46.74,52,4,6.46,clear sky
629,Swift Current,CA,50.2834,-107.8014,10.18,74,100,5.99,overcast clouds
630,Bichura,RU,50.5881,107.6022,10.65,84,17,2.73,few clouds
631,Maumere,ID,-8.6199,122.2111,80.78,80,93,3.36,overcast clouds
632,Tacoronte,ES,28.4769,-16.4102,64.54,73,75,5.01,broken clouds
633,Zhicheng,CN,30.2956,111.5047,50.0,46,95,4.14,overcast clouds
634,North Bend,US,43.4065,-124.2243,49.86,100,90,0.0,fog
635,Sept-Iles,CA,50.2001,-66.3821,21.06,70,57,21.0,broken clouds
636,Puerto Carreno,CO,6.189,-67.4859,91.22,47,31,7.45,scattered clouds
637,Carbondale,US,37.7273,-89.2168,34.21,59,1,1.01,clear sky
638,Aswan,EG,24.0934,32.907,76.8,31,63,8.5,broken clouds
639,Jiuquan,CN,39.7432,98.5174,29.08,42,100,1.63,overcast clouds
640,Teya,RU,60.3778,92.6267,9.34,97,99,1.68,overcast clouds
641,Dunda,TZ,-8.1167,34.25,78.62,42,99,5.75,overcast clouds
642,Udaipur,IN,24.5712,73.6918,59.9,54,1,4.68,clear sky
643,Haukipudas,FI,65.1765,25.3523,3.25,93,30,5.93,scattered clouds
644,Farafangana,MG,-22.8167,47.8333,78.37,81,0,13.98,clear sky
645,Collie,AU,-33.3667,116.15,60.98,62,8,13.09,clear sky
646,Neiafu,TO,-18.65,-173.9833,79.48,83,75,6.91,light rain
647,Ternate,ID,0.8,127.4,81.54,84,100,11.25,overcast clouds
648,Sola,VU,-13.8833,167.55,80.53,75,100,3.85,overcast clouds
649,Half Moon Bay,US,37.4636,-122.4286,54.3,94,75,9.22,mist
650,Klyuchi,RU,52.2667,79.1667,11.59,94,89,8.79,overcast clouds
651,Abonnema,NG,4.7084,6.7931,87.64,61,83,10.74,broken clouds
652,Gobabis,NA,-22.45,18.9667,83.48,25,39,17.6,scattered clouds
653,Leshan,CN,29.5623,103.7639,50.99,87,100,7.43,overcast clouds
654,Navrongo,GH,10.8956,-1.0921,97.83,11,69,9.89,broken clouds
655,Camacari,BR,-12.6975,-38.3242,85.77,54,83,8.28,broken clouds
656,Quelimane,MZ,-17.8786,36.8883,82.04,71,98,10.54,overcast clouds
657,Conceicao Das Alagoas,BR,-19.9147,-48.3883,88.52,40,9,10.92,clear sky
658,Benguela,AO,-12.5763,13.4055,81.61,71,62,9.26,broken clouds
659,Xiangfan,CN,32.0422,112.1448,47.64,50,100,5.41,overcast clouds
660,Prainha,BR,-1.8,-53.48,87.93,55,63,2.75,broken clouds
661,Marzuq,YE,14.4,46.4667,67.21,23,2,4.54,clear sky
662,Bosilegrad,RS,42.5011,22.4724,33.06,93,100,5.66,light snow
663,Huilong,CN,31.8111,121.655,53.04,74,100,9.51,overcast clouds
664,Rock Springs,US,41.5875,-109.2029,37.04,63,75,8.01,broken clouds
665,Rayong,TH,12.8333,101.4333,72.77,84,49,6.38,scattered clouds
666,Karanganyar,ID,-6.7072,111.0834,76.59,91,86,4.12,overcast clouds
667,Chihuahua,MX,28.5,-106.0,52.63,39,1,6.76,clear sky
668,Jalu,LY,29.0331,21.5482,58.73,38,3,14.67,clear sky
669,Mgachi,RU,51.05,142.2667,13.62,87,4,6.76,clear sky
670,Tucurui,BR,-3.7661,-49.6725,75.52,95,100,0.92,overcast clouds
671,Rancho Palos Verdes,US,33.7445,-118.387,58.78,92,90,3.0,overcast clouds
672,Muisne,EC,0.6,-80.0333,80.71,85,100,7.56,overcast clouds
673,Metro,ID,-5.1131,105.3067,74.98,93,96,0.27,overcast clouds
674,Bure,ET,10.7,37.0667,61.18,40,52,5.01,broken clouds
675,Fukue,JP,32.6881,128.8419,59.95,58,36,26.57,scattered clouds
676,Yakeshi,CN,49.2833,120.7333,3.2,93,8,2.53,clear sky
677,Palmer,US,42.1584,-72.3287,40.93,50,75,5.01,broken clouds
678,Zaraza,VE,9.3503,-65.3245,92.01,36,24,5.14,few clouds
